{
"type": "generic",
"pools": [
{
"rolls": 1,
"entries": [
{
"type": "item",
"weight": 1,
"name": "minecraft:written_book",
"functions": [
{
"function": "set_count",
"count": 1
},
{
"function": "set_nbt",
"tag": "{id:\"avian:avian_guide\",CustomModelData:7130000,HideFlags:32,title:\"\",author:\"Avitopia\",generation:3,pages:['[{\"translate\":\"avian.book.index\"},{\"translate\":\"space.32\",\"font\":\"space:default\"},{\"text\":\"----\"},{\"translate\":\"space.86\",\"font\":\"space:default\"},{\"translate\":\"avian.book.item.garlic\",\"color\":\"#4CDA93\",\"hoverEvent\":{\"action\":\"show_text\",\"contents\":[{\"text\":\"Click to open page\"}]},\"clickEvent\":{\"action\":\"change_page\",\"value\":\"2\"}},{\"translate\":\"space.64\",\"font\":\"space:default\"},{\"translate\":\"avian.book.item.quartz_salt\",\"color\":\"#4CDA93\",\"hoverEvent\":{\"action\":\"show_text\",\"contents\":[{\"text\":\"Click to open page\"}]},\"clickEvent\":{\"action\":\"change_page\",\"value\":\"2\"}}]']}"
},
{
"function": "set_name",
"name": [
{
"translate": "avian.item.avian_guide",
"italic": "false"
}]},
{
"function": "set_lore",
"lore": [
{
"translate": "avian.datapack.avian"
}]}]}]}]}