{
"type": "generic",
"pools": [
{
"rolls": 1,
"entries": [
{
"type": "item",
"weight": 1,
"name": "minecraft:written_book",
"functions": [
{
"function": "set_count",
"count": 1
},
{
"function": "set_nbt",
"tag": "{id:\"avian:avian_guide\",CustomModelData:7130000,HideFlags:32,title:\"\",author:\"Avitopia\",generation:3,pages:['[{\"translate\":\"avian.book.index_1\",\"font\":\"minecraft:default\",\"color\":\"black\"},{\"translate\":\"space.128\",\"font\":\"space:default\",\"color\":\"white\"},{\"translate\":\"avian.book.page_template\",\"font\":\"avian:book\",\"color\":\"white\"},{\"translate\":\"space.3\",\"font\":\"space:default\",\"color\":\"white\"},{\"translate\":\"avian.book.icons.ruby\",\"font\":\"avian:book\",\"color\":\"white\",\"hoverEvent\":{\"action\":\"show_text\",\"contents\":[{\"translate\":\"avian.item.ruby\",\"font\":\"minecraft:default\",\"color\":\"white\"}]},\"clickEvent\":{\"action\":\"change_page\",\"value\":\"2\"}},{\"translate\":\"space.4\",\"font\":\"space:default\",\"color\":\"white\"},{\"translate\":\"avian.book.icons.garlic\",\"font\":\"avian:book\",\"color\":\"white\",\"hoverEvent\":{\"action\":\"show_text\",\"contents\":[{\"translate\":\"avian.item.garlic\",\"font\":\"minecraft:default\",\"color\":\"white\"}]},\"clickEvent\":{\"action\":\"change_page\",\"value\":\"3\"}},{\"translate\":\"space.3\",\"font\":\"space:default\",\"color\":\"white\"},{\"translate\":\"avian.book.icons.quartz_salt\",\"font\":\"avian:book\",\"color\":\"white\",\"hoverEvent\":{\"action\":\"show_text\",\"contents\":[{\"translate\":\"avian.item.quartz_salt\",\"font\":\"minecraft:default\",\"color\":\"white\"}]},\"clickEvent\":{\"action\":\"change_page\",\"value\":\"4\"}},{\"translate\":\"space.4\",\"font\":\"space:default\",\"color\":\"white\"},{\"translate\":\"avian.book.icons.lifeform_analyzer\",\"font\":\"avian:book\",\"color\":\"white\",\"hoverEvent\":{\"action\":\"show_text\",\"contents\":[{\"translate\":\"avian.item.lifeform_analyzer\",\"font\":\"minecraft:default\",\"color\":\"white\"}]},\"clickEvent\":{\"action\":\"change_page\",\"value\":\"5\"}},{\"translate\":\"space.3\",\"font\":\"space:default\",\"color\":\"white\"},{\"translate\":\"avian.book.icons.cooking_pot\",\"font\":\"avian:book\",\"color\":\"white\",\"hoverEvent\":{\"action\":\"show_text\",\"contents\":[{\"translate\":\"avian.block.pot\",\"font\":\"minecraft:default\",\"color\":\"white\"}]},\"clickEvent\":{\"action\":\"change_page\",\"value\":\"6\"}},{\"translate\":\"space.128\",\"font\":\"space:default\",\"color\":\"white\"},{\"translate\":\"avian.book.page_template\",\"font\":\"avian:book\",\"color\":\"white\"},{\"translate\":\"space.3\",\"font\":\"space:default\",\"color\":\"white\"},{\"translate\":\"avian.book.icons.wandering_trader\",\"font\":\"avian:book\",\"color\":\"white\",\"hoverEvent\":{\"action\":\"show_text\",\"contents\":[{\"translate\":\"avian.book.name.wandering_trader\",\"font\":\"minecraft:default\",\"color\":\"white\"}]},\"clickEvent\":{\"action\":\"change_page\",\"value\":\"7\"}}]','[{\"translate\":\"avian.book.page_template\",\"font\":\"avian:book\",\"color\":\"white\"},{\"translate\":\"space.3\",\"font\":\"space:default\",\"color\":\"white\"},{\"translate\":\"avian.book.icons.ruby\",\"font\":\"avian:book\",\"color\":\"white\",\"hoverEvent\":{\"action\":\"show_text\",\"contents\":[{\"translate\":\"avian.item.ruby\",\"font\":\"minecraft:default\",\"color\":\"white\"}]}},{\"translate\":\"space.4\",\"font\":\"space:default\",\"color\":\"white\"},{\"translate\":\"avian.book.icons.compat\",\"font\":\"avian:book\",\"color\":\"white\",\"hoverEvent\":{\"action\":\"show_text\",\"contents\":[{\"translate\":\"avian.book.compat.ruby\",\"font\":\"minecraft:default\",\"color\":\"white\"}]}},{\"translate\":\"space.4\",\"font\":\"space:default\",\"color\":\"white\"},{\"translate\":\"avian.book.icons.more\",\"font\":\"avian:book\",\"color\":\"white\",\"hoverEvent\":{\"action\":\"show_text\",\"contents\":[{\"translate\":\"avian.book.more.ruby\",\"font\":\"minecraft:default\",\"color\":\"white\"}]}},{\"translate\":\"space.6\",\"font\":\"space:default\",\"color\":\"white\"},{\"translate\":\"avian.book.icons.obtaining\",\"font\":\"avian:book\",\"color\":\"white\",\"hoverEvent\":{\"action\":\"show_text\",\"contents\":[{\"translate\":\"avian.book.obtaining.ruby\",\"font\":\"minecraft:default\",\"color\":\"white\"}]}},{\"translate\":\"space.2\",\"font\":\"space:default\",\"color\":\"white\"},{\"translate\":\"avian.book.icons.give\",\"font\":\"avian:book\",\"color\":\"white\",\"hoverEvent\":{\"action\":\"show_text\",\"contents\":[{\"translate\":\"avian.book.give\",\"font\":\"minecraft:default\",\"color\":\"white\"}]},\"clickEvent\":{\"action\":\"run_command\",\"value\":\"/loot give @s loot avian:item/ruby\"}},{\"translate\":\"space.128\",\"font\":\"space:default\",\"color\":\"white\"},{\"translate\":\"avian.book.desc.ruby\",\"font\":\"minecraft:default\",\"color\":\"black\"}]','[{\"translate\":\"avian.book.page_template\",\"font\":\"avian:book\",\"color\":\"white\"},{\"translate\":\"space.3\",\"font\":\"space:default\",\"color\":\"white\"},{\"translate\":\"avian.book.icons.garlic\",\"font\":\"avian:book\",\"color\":\"white\",\"hoverEvent\":{\"action\":\"show_text\",\"contents\":[{\"translate\":\"avian.item.garlic\",\"font\":\"minecraft:default\",\"color\":\"white\"}]}},{\"translate\":\"space.3\",\"font\":\"space:default\",\"color\":\"white\"},{\"translate\":\"avian.book.icons.compat\",\"font\":\"avian:book\",\"color\":\"white\",\"hoverEvent\":{\"action\":\"show_text\",\"contents\":[{\"translate\":\"avian.book.compat.garlic\",\"font\":\"minecraft:default\",\"color\":\"white\"}]}},{\"translate\":\"space.4\",\"font\":\"space:default\",\"color\":\"white\"},{\"translate\":\"avian.book.icons.more\",\"font\":\"avian:book\",\"color\":\"white\",\"hoverEvent\":{\"action\":\"show_text\",\"contents\":[{\"translate\":\"avian.book.more.garlic\",\"font\":\"minecraft:default\",\"color\":\"white\"}]}},{\"translate\":\"space.6\",\"font\":\"space:default\",\"color\":\"white\"},{\"translate\":\"avian.book.icons.obtaining\",\"font\":\"avian:book\",\"color\":\"white\",\"hoverEvent\":{\"action\":\"show_text\",\"contents\":[{\"translate\":\"avian.book.obtaining.garlic\",\"font\":\"minecraft:default\",\"color\":\"white\"}]}},{\"translate\":\"space.2\",\"font\":\"space:default\",\"color\":\"white\"},{\"translate\":\"avian.book.icons.give\",\"font\":\"avian:book\",\"color\":\"white\",\"hoverEvent\":{\"action\":\"show_text\",\"contents\":[{\"translate\":\"avian.book.give\",\"font\":\"minecraft:default\",\"color\":\"white\"}]},\"clickEvent\":{\"action\":\"run_command\",\"value\":\"/loot give @s loot avian:item/garlic\"}},{\"translate\":\"space.128\",\"font\":\"space:default\",\"color\":\"white\"},{\"translate\":\"avian.book.desc.garlic\",\"font\":\"minecraft:default\",\"color\":\"black\"}]','[{\"translate\":\"avian.book.page_template\",\"font\":\"avian:book\",\"color\":\"white\"},{\"translate\":\"space.3\",\"font\":\"space:default\",\"color\":\"white\"},{\"translate\":\"avian.book.icons.quartz_salt\",\"font\":\"avian:book\",\"color\":\"white\",\"hoverEvent\":{\"action\":\"show_text\",\"contents\":[{\"translate\":\"avian.item.quartz_salt\",\"font\":\"minecraft:default\",\"color\":\"white\"}]}},{\"translate\":\"space.4\",\"font\":\"space:default\",\"color\":\"white\"},{\"translate\":\"avian.book.icons.compat\",\"font\":\"avian:book\",\"color\":\"white\",\"hoverEvent\":{\"action\":\"show_text\",\"contents\":[{\"translate\":\"avian.book.compat.quartz_salt\",\"font\":\"minecraft:default\",\"color\":\"white\"}]}},{\"translate\":\"space.4\",\"font\":\"space:default\",\"color\":\"white\"},{\"translate\":\"avian.book.icons.more\",\"font\":\"avian:book\",\"color\":\"white\",\"hoverEvent\":{\"action\":\"show_text\",\"contents\":[{\"translate\":\"avian.book.more.quartz_salt\",\"font\":\"minecraft:default\",\"color\":\"white\"}]}},{\"translate\":\"space.6\",\"font\":\"space:default\",\"color\":\"white\"},{\"translate\":\"avian.book.icons.obtaining\",\"font\":\"avian:book\",\"color\":\"white\",\"hoverEvent\":{\"action\":\"show_text\",\"contents\":[{\"translate\":\"avian.book.obtaining.quartz_salt\",\"font\":\"minecraft:default\",\"color\":\"white\"}]}},{\"translate\":\"space.2\",\"font\":\"space:default\",\"color\":\"white\"},{\"translate\":\"avian.book.icons.give\",\"font\":\"avian:book\",\"color\":\"white\",\"hoverEvent\":{\"action\":\"show_text\",\"contents\":[{\"translate\":\"avian.book.give\",\"font\":\"minecraft:default\",\"color\":\"white\"}]},\"clickEvent\":{\"action\":\"run_command\",\"value\":\"/loot give @s loot avian:item/quartz_salt\"}},{\"translate\":\"space.128\",\"font\":\"space:default\",\"color\":\"white\"},{\"translate\":\"avian.book.desc.quartz_salt\",\"font\":\"minecraft:default\",\"color\":\"black\"}]','[{\"translate\":\"avian.book.page_template\",\"font\":\"avian:book\",\"color\":\"white\"},{\"translate\":\"space.3\",\"font\":\"space:default\",\"color\":\"white\"},{\"translate\":\"avian.book.icons.lifeform_analyzer\",\"font\":\"avian:book\",\"color\":\"white\",\"hoverEvent\":{\"action\":\"show_text\",\"contents\":[{\"translate\":\"avian.item.lifeform_analyzer\",\"font\":\"minecraft:default\",\"color\":\"white\"}]}},{\"translate\":\"space.3\",\"font\":\"space:default\",\"color\":\"white\"},{\"translate\":\"avian.book.icons.compat\",\"font\":\"avian:book\",\"color\":\"white\",\"hoverEvent\":{\"action\":\"show_text\",\"contents\":[{\"translate\":\"avian.book.compat.lifeform_analyzer\",\"font\":\"minecraft:default\",\"color\":\"white\"}]}},{\"translate\":\"space.4\",\"font\":\"space:default\",\"color\":\"white\"},{\"translate\":\"avian.book.icons.more\",\"font\":\"avian:book\",\"color\":\"white\",\"hoverEvent\":{\"action\":\"show_text\",\"contents\":[{\"translate\":\"avian.book.more.lifeform_analyzer\",\"font\":\"minecraft:default\",\"color\":\"white\"}]}},{\"translate\":\"space.6\",\"font\":\"space:default\",\"color\":\"white\"},{\"translate\":\"avian.book.icons.obtaining\",\"font\":\"avian:book\",\"color\":\"white\",\"hoverEvent\":{\"action\":\"show_text\",\"contents\":[{\"translate\":\"avian.book.obtaining.lifeform_analyzer\",\"font\":\"minecraft:default\",\"color\":\"white\"}]}},{\"translate\":\"space.2\",\"font\":\"space:default\",\"color\":\"white\"},{\"translate\":\"avian.book.icons.give\",\"font\":\"avian:book\",\"color\":\"white\",\"hoverEvent\":{\"action\":\"show_text\",\"contents\":[{\"translate\":\"avian.book.give\",\"font\":\"minecraft:default\",\"color\":\"white\"}]},\"clickEvent\":{\"action\":\"run_command\",\"value\":\"/loot give @s loot avian:item/lifeform_analyzer\"}},{\"translate\":\"space.128\",\"font\":\"space:default\",\"color\":\"white\"},{\"translate\":\"avian.book.desc.lifeform_analyzer\",\"font\":\"minecraft:default\",\"color\":\"black\"}]','[{\"translate\":\"avian.book.page_template\",\"font\":\"avian:book\",\"color\":\"white\"},{\"translate\":\"space.3\",\"font\":\"space:default\",\"color\":\"white\"},{\"translate\":\"avian.book.icons.cooking_pot\",\"font\":\"avian:book\",\"color\":\"white\",\"hoverEvent\":{\"action\":\"show_text\",\"contents\":[{\"translate\":\"avian.block.pot\",\"font\":\"minecraft:default\",\"color\":\"white\"}]}},{\"translate\":\"space.2\",\"font\":\"space:default\",\"color\":\"white\"},{\"translate\":\"avian.book.icons.compat\",\"font\":\"avian:book\",\"color\":\"white\",\"hoverEvent\":{\"action\":\"show_text\",\"contents\":[{\"translate\":\"avian.book.compat.cooking_pot\",\"font\":\"minecraft:default\",\"color\":\"white\"}]}},{\"translate\":\"space.4\",\"font\":\"space:default\",\"color\":\"white\"},{\"translate\":\"avian.book.icons.more\",\"font\":\"avian:book\",\"color\":\"white\",\"hoverEvent\":{\"action\":\"show_text\",\"contents\":[{\"translate\":\"avian.book.more.cooking_pot\",\"font\":\"minecraft:default\",\"color\":\"white\"}]}},{\"translate\":\"space.6\",\"font\":\"space:default\",\"color\":\"white\"},{\"translate\":\"avian.book.icons.obtaining\",\"font\":\"avian:book\",\"color\":\"white\",\"hoverEvent\":{\"action\":\"show_text\",\"contents\":[{\"translate\":\"avian.book.obtaining.cooking_pot\",\"font\":\"minecraft:default\",\"color\":\"white\"}]}},{\"translate\":\"space.2\",\"font\":\"space:default\",\"color\":\"white\"},{\"translate\":\"avian.book.icons.give\",\"font\":\"avian:book\",\"color\":\"white\",\"hoverEvent\":{\"action\":\"show_text\",\"contents\":[{\"translate\":\"avian.book.give\",\"font\":\"minecraft:default\",\"color\":\"white\"}]},\"clickEvent\":{\"action\":\"run_command\",\"value\":\"/loot give @s loot avian:item/pot\"}},{\"translate\":\"space.128\",\"font\":\"space:default\",\"color\":\"white\"},{\"translate\":\"avian.book.desc.cooking_pot\",\"font\":\"minecraft:default\",\"color\":\"black\"}]','[{\"translate\":\"avian.book.page_template\",\"font\":\"avian:book\",\"color\":\"white\"},{\"translate\":\"space.3\",\"font\":\"space:default\",\"color\":\"white\"},{\"translate\":\"avian.book.icons.wandering_trader\",\"font\":\"avian:book\",\"color\":\"white\",\"hoverEvent\":{\"action\":\"show_text\",\"contents\":[{\"translate\":\"avian.book.name.wandering_trader\",\"font\":\"minecraft:default\",\"color\":\"white\"}]}},{\"translate\":\"space.6\",\"font\":\"space:default\",\"color\":\"white\"},{\"translate\":\"avian.book.icons.compat\",\"font\":\"avian:book\",\"color\":\"white\",\"hoverEvent\":{\"action\":\"show_text\",\"contents\":[{\"translate\":\"avian.book.compat.wandering_trader\",\"font\":\"minecraft:default\",\"color\":\"white\"}]}},{\"translate\":\"space.4\",\"font\":\"space:default\",\"color\":\"white\"},{\"translate\":\"avian.book.icons.more\",\"font\":\"avian:book\",\"color\":\"white\",\"hoverEvent\":{\"action\":\"show_text\",\"contents\":[{\"translate\":\"avian.book.more.wandering_trader\",\"font\":\"minecraft:default\",\"color\":\"white\"}]}},{\"translate\":\"space.6\",\"font\":\"space:default\",\"color\":\"white\"},{\"translate\":\"avian.book.icons.obtaining\",\"font\":\"avian:book\",\"color\":\"white\",\"hoverEvent\":{\"action\":\"show_text\",\"contents\":[{\"translate\":\"avian.book.obtaining.wandering_trader\",\"font\":\"minecraft:default\",\"color\":\"white\"}]}},{\"translate\":\"space.2\",\"font\":\"space:default\",\"color\":\"white\"},{\"translate\":\"space.128\",\"font\":\"space:default\",\"color\":\"white\"},{\"translate\":\"avian.book.desc.wandering_trader\",\"font\":\"minecraft:default\",\"color\":\"black\"}]']}"
},
{
"function": "set_name",
"name": [
{
"translate": "avian.item.avian_guide",
"italic": "false"
}]},
{
"function": "set_lore",
"lore": [
{
"translate": "avian.datapack.avian"
}]}]}]}]}