{
"type": "generic",
"pools": [
{
"rolls": 1,
"entries": [
{
"type": "item",
"weight": 1,
"name": "minecraft:leather_leggings",
"functions": [
{
"function": "set_count",
"count": 1
},
{
"function": "set_nbt",
"tag": "{avian:{stage:\"avian:none\"},Unbreakable:1,CustomModelData:7130001,display:{color:852741},HideFlags:68,id:\"avian:copper_leggings\"}"
},
{
"function": "set_attributes",
"modifiers": [
{"attribute": "generic.armor", "name": "generic.armor", "operation": "addition", "amount": 4, "slot": "legs"},
{"attribute": "generic.attack_damage", "name": "generic.attack_damage", "operation": "multiply_total", "amount": 0.05, "slot": "legs"}
]},
{
"function": "set_name",
"name": [
{
"translate": "avian.item.copper_leggings",
"italic": "false"
}]},
{
"function": "set_lore",
"lore": [
{
"translate": "avian.datapack.avian"
}]}]}]}]}