{
"type": "generic",
"pools": [
{
"rolls": 1,
"entries": [
{
"type": "item",
"weight": 1,
"name": "minecraft:map",
"functions": [
{
"function": "set_count",
"count": 1
},
{
"function": "set_nbt",
"tag": "{id:\"avian:desert_pyramid_map\"}"
},
{
"function": "minecraft:exploration_map",
"destination": "desert_pyramid",
"decoration": "target_x",
"zoom": 2,
"search_radius": 50,
"skip_existing_chunks": true
},
{
"function": "set_name",
"name": [
{
"translate": "avian.item.desert_pyramid_map"
}]},
{
"function": "set_lore",
"lore": [
{
"translate": "avian.datapack.avian"
}]}]}]}]}