{
"type": "generic",
"pools": [
{
"rolls": 1,
"entries": [
{
"type": "item",
"weight": 1,
"name": "minecraft:potion",
"functions": [
{
"function": "set_count",
"count": 1
},
{
"function": "set_nbt",
"tag": "{CustomPotionColor:16777215,HideFlags:32,CustomModelData:7130001,id:\"avian:garlic_oil\"}"
},
{
"function": "set_name",
"name": [
{
"translate": "avian.item.garlic_oil",
"italic": "false"
}]},
{
"function": "set_lore",
"lore": [
{
"translate": "avian.datapack.avian"
}]}]}]}]}