{
"type": "generic",
"pools": [
{
"rolls": 1,
"entries": [
{
"type": "item",
"weight": 1,
"name": "minecraft:written_book",
"functions": [
{
"function": "set_count",
"count": 1
},
{
"function": "set_nbt",
"tag": "{title:\"\",author:\"Avitopia\",generation:3,pages:['[{\"text\":\"\uc000\",\"font\":\"avian:book\",\"color\":\"white\"},{\"translate\":\"space.3\",\"font\":\"space:default\",\"color\":\"white\"},{\"text\":\"\uc001\",\"font\":\"avian:book\",\"color\":\"white\"},{\"translate\":\"space.1\",\"font\":\"space:default\",\"color\":\"white\"},{\"text\":\"\uc001\",\"font\":\"avian:book\",\"color\":\"white\"},{\"translate\":\"space.1\",\"font\":\"space:default\",\"color\":\"white\"},{\"text\":\"\uc001\",\"font\":\"avian:book\",\"color\":\"white\"},{\"translate\":\"space.1\",\"font\":\"space:default\",\"color\":\"white\"},{\"text\":\"\uc001\",\"font\":\"avian:book\",\"color\":\"white\"},{\"translate\":\"space.1\",\"font\":\"space:default\",\"color\":\"white\"},{\"text\":\"\uc001\",\"font\":\"avian:book\",\"color\":\"white\"},{\"translate\":\"space.128\",\"font\":\"space:default\",\"color\":\"white\"},{\"translate\":\"avian.book.avian.example.desc\",\"font\":\"minecraft:default\",\"color\":\"black\"}]']}"
},
{
"function": "set_name",
"name": [
{
"translate": "avian.item.avian_guide",
"italic": "false"
}]},
{
"function": "set_lore",
"lore": [
{
"translate": "avian.datapack.avian"
}]}]}]}]}