{
"type": "generic",
"pools": [
{
"rolls": 1,
"entries": [
{
"type": "item",
"weight": 1,
"name": "minecraft:item_frame",
"functions": [
{
"function": "set_count",
"count": 1
},
{
"function": "set_nbt",
"tag": "{EntityTag:{Silent:1b,Tags:[\"avian.block.item\",\"avian.block.item.pot\"],Invulnerable:1b,Invisible:1b,Fixed:1b},CustomModelData:7130000,id:\"avian:pot\"}"
},
{
"function": "set_name",
"name": [
{
"translate": "avian.block.pot",
"italic": "false"
}]},
{
"function": "set_lore",
"lore": [
{
"translate": "avian.datapack.avian"
}]}]}]}]}