[
  
  {
    "function": "minecraft:set_nbt",
    "tag": "{CustomModelData:7130002,avian:{stage:\"avian:exposed\"},AttributeModifiers:[],display:{color:852742}}"
  },
  {
    "function": "minecraft:set_attributes",
    "modifiers": [
      {
        "attribute": "minecraft:generic.armor",
        "name": "generic.armor",
        "amount": 5,
        "operation": "addition",
        "slot": "chest"
      },
      {
        "attribute": "minecraft:generic.attack_damage",
        "name": "generic.attack_damage",
        "amount": 0.1,
        "operation": "multiply_total",
        "slot": "chest"
      }
    ]
  }
]
