[
  
  {
    "function": "minecraft:set_nbt",
    "tag": "{CustomModelData:7130004,avian:{stage:\"avian:oxidized\"},AttributeModifiers:[],display:{color:852744}}"
  },
  {
    "function": "minecraft:set_attributes",
    "modifiers": [
      {
        "attribute": "minecraft:generic.armor",
        "name": "generic.armor",
        "amount": 1,
        "operation": "addition",
        "slot": "head"
      },
      {
        "attribute": "minecraft:generic.attack_damage",
        "name": "generic.attack_damage",
        "amount": 0.2,
        "operation": "multiply_total",
        "slot": "head"
      }
    ]
  }
]
