[
  
  {
    "function": "minecraft:set_nbt",
    "tag": "{CustomModelData:7130003,avian:{stage:\"avian:weathered\"},AttributeModifiers:[],display:{color:852743}}"
  },
  {
    "function": "minecraft:set_attributes",
    "modifiers": [
      {
        "attribute": "minecraft:generic.armor",
        "name": "generic.armor",
        "amount": 1,
        "operation": "addition",
        "slot": "feet"
      },
      {
        "attribute": "minecraft:generic.attack_damage",
        "name": "generic.attack_damage",
        "amount": 0.15,
        "operation": "multiply_total",
        "slot": "feet"
      }
    ]
  }
]
