{
  "parent": "minecraft:story/obtain_armor",
  "display": {
    "icon": {
      "item": "minecraft:leather_chestplate",
      "nbt": "{CustomModelData:7130004}"
    },
    "title": {
      "translate": "avian.advancements.name.oxidize_armor"
    },
    "description": {
      "translate": "avian.advancements.desc.oxidize_armor"
    },
    "frame": "goal",
    "show_toast": true,
    "announce_to_chat": true,
    "hidden": false
  },
  "criteria": {
    "items": {
      "trigger": "minecraft:inventory_changed",
      "conditions": {
        "items": [
          {
            "item": "minecraft:leather_helmet",
            "nbt": "{avian:{stage:\"avian:oxidized\"}}"
          },
          {
            "item": "minecraft:leather_chestplate",
            "nbt": "{avian:{stage:\"avian:oxidized\"}}"
          },
          {
            "item": "minecraft:leather_leggings",
            "nbt": "{avian:{stage:\"avian:oxidized\"}}"
          },
          {
            "item": "minecraft:leather_boots",
            "nbt": "{avian:{stage:\"avian:oxidized\"}}"
          }
        ]
      }
    }
  },
  "requirements": [
    [
      "items"
    ]
  ]
}